episode,epsilon,episode_reward,rolling_average_reward,mean_recent_loss,replay_buffer_size,average_loan_duration,bankruptcy_count,average_ending_money,invalid_action_count,action_0_count,action_1_count,action_2_count,action_3_count,action_4_count,action_5_count,action_6_count,action_7_count
100,0.999791,-157500,-40662.5,21980.339833984373,492,0.17,41,21260.0,62,72,58,70,51,63,63,52,63
200,0.9995798888888889,-157000,-47215.0,23565.86109375,957,0.15,44,17780.0,60,64,48,55,63,63,65,55,52
300,0.9993687777777778,51000,-40925.0,24338.1962109375,1429,0.27,38,18380.0,42,64,52,56,56,62,60,68,54
400,0.9991576666666667,46750,-49567.5,24739.72484375,1903,0.16,45,17180.0,73,55,61,57,68,62,60,55,56
500,0.9989465555555556,6250,-47052.5,24529.360341796873,2378,0.2,42,16160.0,64,49,52,71,60,66,61,66,50
600,0.9987354444444444,1000,-32002.5,24335.3016015625,2884,0.2,33,22090.0,65,73,68,68,48,69,54,67,59
700,0.9985243333333333,-150000,-66820.0,25253.47984375,3343,0.08,54,7740.0,48,59,57,55,53,54,63,61,57
800,0.9983132222222222,58750,-47802.5,24157.810703125,3808,0.23,42,16500.0,69,54,59,59,58,65,60,57,53
900,0.9981021111111111,-185000,-61765.0,25573.079755859377,4249,0.13,53,12700.0,46,58,56,58,57,50,56,52,54
1000,0.997891,83000,-25972.5,24968.212158203125,4726,0.07,33,27060.0,60,68,59,50,63,61,71,61,44
1100,0.9976798888888889,46500,-46142.5,25532.65208984375,5196,0.16,42,17090.0,62,50,55,58,71,64,55,53,64
1200,0.9974687777777778,-2250,-53055.0,25573.07234375,5674,0.21,47,14920.0,47,50,52,63,73,55,55,57,73
1300,0.9972576666666667,-167250,-41540.0,25093.924912109374,6164,0.19,43,23360.0,73,69,64,63,56,61,56,62,59
1400,0.9970465555555555,-130500,-47727.5,24268.051865234374,6648,0.36,42,17690.0,66,48,71,66,53,61,61,65,59
1500,0.9968354444444445,16000,-53792.5,25042.29123046875,7099,0.28,49,17520.0,50,71,48,49,49,60,62,59,53
1600,0.9966243333333333,-7250,-47102.5,25437.620537109375,7581,0.3,40,15510.0,70,46,62,81,56,61,60,61,55
1700,0.9964132222222222,-122000,-40842.5,25643.0675,8042,0.12,39,19160.0,49,57,44,65,67,49,50,70,59
1800,0.9962021111111111,-7250,-55142.5,25559.36794921875,8501,0.29,46,13750.0,55,45,45,73,58,63,62,60,53
1900,0.995991,-7500,-46985.0,25438.827373046875,8987,0.11,44,17410.0,57,59,65,59,62,69,61,58,53
2000,0.9957798888888889,-127750,-37482.5,25313.729580078125,9472,0.18,37,20900.0,63,61,59,60,56,59,67,61,62
2100,0.9955687777777777,-151500,-33980.0,25424.94693359375,9970,0.2,36,22860.0,59,62,76,58,71,48,66,64,53
2200,0.9953576666666667,12250,-52242.5,26305.00564453125,10433,0.07,47,15080.0,45,70,50,60,63,49,63,59,49
2300,0.9951465555555555,59000,-46827.5,25977.059755859376,10895,0.18,44,19630.0,71,55,61,61,47,66,50,55,67
2400,0.9949354444444445,54250,-46857.5,24949.459599609374,11344,0.07,45,18970.0,53,69,52,52,65,50,53,47,61
2500,0.9947243333333333,21500,-55062.5,24954.5108203125,11802,0.01,47,12200.0,62,53,69,42,70,46,72,48,58
2600,0.9945132222222223,-140000,-56005.0,25041.742724609376,12261,0.05,49,13730.0,61,59,54,68,55,54,73,53,43
2700,0.9943021111111111,13750,-71927.5,25970.403486328127,12688,0.25,55,5470.0,50,62,65,54,46,48,54,47,51
2800,0.994091,46750,-42517.5,25560.371533203124,13174,0.12,37,15670.0,72,60,56,57,61,61,63,73,55
2900,0.9938798888888889,-135000,-49432.5,26078.125625,13634,0.29,45,17930.0,53,61,53,53,64,63,60,52,54
3000,0.9936687777777777,-155000,-37852.5,25674.44974609375,14130,0.3,36,19760.0,55,47,50,68,68,61,64,73,65
3100,0.9934576666666667,67000,-37832.5,25400.365625,14616,0.3,39,23570.0,61,53,60,53,53,65,73,64,65
3200,0.9932465555555555,10500,-43360.0,26093.060859375,15092,0.17,39,16900.0,65,55,70,61,51,75,48,51,65
3300,0.9930354444444445,-180000,-31687.5,24582.334697265625,15601,0.19,35,24320.0,72,63,77,55,60,80,57,60,57
3400,0.9928243333333333,38500,-51042.5,24874.4857421875,16072,0.04,45,14330.0,57,67,67,60,65,55,42,57,58
3500,0.9926132222222223,-149000,-55220.0,25866.109267578126,16522,0.12,49,15560.0,60,58,51,59,63,54,50,65,50
3600,0.9924021111111111,62500,-43097.5,25725.89416015625,17001,0.16,42,19960.0,60,58,55,62,57,57,65,64,61
3700,0.992191,68750,-46975.0,25889.8256640625,17489,0.09,43,16680.0,67,77,56,70,54,61,55,63,52
3800,0.9919798888888889,17250,-49310.0,25935.00681640625,17964,0.33,43,16110.0,50,69,61,59,48,64,54,66,54
3900,0.9917687777777777,38750,-42770.0,25790.30240234375,18447,0.26,40,18980.0,64,71,67,58,56,55,61,66,49
4000,0.9915576666666667,-1000,-66847.5,25716.239072265624,18901,0.15,52,6860.0,48,66,42,44,67,51,63,58,63
4100,0.9913465555555555,-156000,-51885.0,25771.6689453125,19363,0.32,43,13530.0,53,54,52,48,63,47,55,71,72
4200,0.9911354444444445,-131250,-34320.0,25675.45939453125,19852,0.07,39,24270.0,54,62,48,68,68,65,56,62,60
4300,0.9909243333333333,-225000,-36065.0,23800.385908203127,20349,0.25,37,22770.0,65,68,61,55,58,55,71,57,72
4400,0.9907132222222222,56500,-42975.0,25529.9539453125,20816,0.19,44,22250.0,51,56,58,55,57,61,69,54,57
4500,0.9905021111111111,77750,-47045.0,25541.3949609375,21289,0.06,45,18580.0,67,62,55,56,62,52,55,67,64
4600,0.990291,7000,-40320.0,25158.358037109374,21759,0.1,41,21290.0,56,49,62,65,56,65,48,61,64
4700,0.9900798888888889,-135750,-31340.0,25432.4041796875,22269,0.26,36,25980.0,58,63,63,59,70,68,63,57,67
4800,0.9898687777777778,-164000,-52697.5,25228.054658203124,22726,0.19,46,15270.0,63,55,57,60,49,64,53,55,64
4900,0.9896576666666667,64750,-41122.5,25437.20412109375,23204,0.12,43,22560.0,51,64,58,52,56,68,67,59,54
5000,0.9894465555555556,43000,-47075.0,25197.73837890625,23679,0.1,46,19320.0,55,65,64,62,65,62,53,56,48
5100,0.9892354444444444,-165000,-41500.0,26727.5470703125,24171,0.16,41,20330.0,56,56,68,52,61,61,68,64,62
5200,0.9890243333333333,-128500,-29660.0,25329.82775390625,24653,0.24,36,27740.0,62,50,63,63,56,61,70,51,68
5300,0.9888132222222222,40000,-50265.0,24739.937841796876,25138,0.1,46,16670.0,64,79,65,69,46,61,48,54,63
5400,0.9886021111111111,-150000,-44820.0,25072.951123046874,25598,0.2,41,17890.0,55,52,51,59,67,54,57,63,57
5500,0.988391,40250,-49425.0,25439.73796875,26060,0.25,44,17350.0,60,67,53,63,64,51,49,53,62
5600,0.9881798888888889,-155000,-50360.0,25457.789892578126,26515,0.11,45,15970.0,58,57,45,60,55,61,48,69,60
5700,0.9879687777777778,55750,-48715.0,24258.01826171875,26967,0.27,45,18770.0,50,59,61,51,70,62,49,50,50
5800,0.9877576666666666,-179000,-37855.0,25752.520771484375,27444,0.18,38,21840.0,74,59,60,51,69,47,54,63,74
5900,0.9875465555555556,21000,-47960.0,24797.516767578127,27924,0.05,43,15910.0,65,70,58,76,63,51,47,56,59
6000,0.9873354444444444,-148500,-33700.0,24694.10677734375,28419,0.17,38,25210.0,52,67,47,63,64,59,71,58,66
6100,0.9871243333333334,36000,-48782.5,25027.671025390624,28883,0.3,42,15390.0,54,47,55,60,60,50,59,66,67
6200,0.9869132222222222,32750,-54100.0,25634.95337890625,29332,0.28,47,14810.0,38,57,46,56,59,59,57,62,53
6300,0.9867021111111111,-132250,-48197.5,25228.94544921875,29799,0.05,44,15260.0,41,53,62,56,59,65,46,56,70
6400,0.986491,26750,-55235.0,25296.015859375,30261,0.2,48,14350.0,61,60,69,49,69,38,51,59,67
6500,0.9862798888888888,25500,-49295.0,25328.971357421877,30714,0.13,46,17930.0,56,62,51,53,59,60,45,62,61
6600,0.9860687777777778,-144000,-41535.0,25355.9907421875,31189,0.2,41,20880.0,59,55,62,56,51,60,66,63,62
6700,0.9858576666666666,48000,-40210.0,25955.197265625,31649,0.08,41,21820.0,63,50,65,52,63,56,58,54,62
6800,0.9856465555555556,34000,-60235.0,24734.8461328125,32109,0.14,50,11390.0,54,59,61,56,55,58,57,51,63
6900,0.9854354444444444,34750,-39572.5,25173.40568359375,32578,0.2,40,21290.0,54,69,56,62,62,49,61,54,56
7000,0.9852243333333334,37750,-45295.0,25272.1080859375,33031,0.16,41,17270.0,53,54,67,66,44,55,45,60,62
7100,0.9850132222222222,46500,-50840.0,25464.1758984375,33495,0.1,45,14610.0,51,59,57,60,59,55,55,57,62
7200,0.9848021111111112,18250,-54755.0,25853.45296875,33941,0.04,50,15090.0,44,59,61,39,56,56,50,67,58
7300,0.984591,-125750,-52752.5,26383.4705859375,34422,0.1,47,15540.0,72,53,71,67,60,61,56,58,55
7400,0.9843798888888889,-140000,-35045.0,25484.271591796874,34904,0.18,37,23100.0,66,60,57,72,53,49,70,60,61
7500,0.9841687777777778,39500,-37032.5,25611.246123046876,35384,0.17,38,21730.0,56,63,65,59,51,64,64,64,50
7600,0.9839576666666666,-157500,-44905.0,25571.042744140625,35851,0.2,45,21190.0,51,66,60,46,62,63,45,56,69
7700,0.9837465555555556,-145000,-52897.5,26485.4379296875,36301,0.07,48,15310.0,49,58,59,49,55,59,62,52,56
7800,0.9835354444444444,11750,-41417.5,25009.85716796875,36771,0.25,38,18830.0,50,59,58,52,57,60,60,67,57
7900,0.9833243333333334,74500,-28755.0,25546.2371484375,37275,0.36,33,25980.0,55,58,53,69,61,62,59,64,78
8000,0.9831132222222222,4000,-50865.0,25600.43599609375,37751,0.18,46,16350.0,44,57,41,59,68,62,54,67,68
8100,0.9829021111111111,-174250,-43285.0,25770.840126953124,38226,0.1,43,20680.0,66,56,68,54,57,64,53,58,65
8200,0.982691,64750,-31432.5,24501.530341796875,38729,0.19,34,24130.0,71,64,66,71,75,41,60,62,64
8300,0.9824798888888889,16750,-45120.0,25768.65533203125,39207,0.1,41,16050.0,52,58,64,64,47,66,60,58,61
8400,0.9822687777777778,-129000,-40545.0,25196.36583984375,39696,0.24,40,20790.0,57,61,70,58,73,43,47,65,72
8500,0.9820576666666667,36500,-60252.5,25408.9984765625,40144,0.06,52,12930.0,68,52,61,58,61,43,60,50,63
8600,0.9818465555555556,57000,-34290.0,25821.277080078125,40635,0.24,37,24180.0,66,65,67,57,57,61,67,59,58
8700,0.9816354444444444,-170250,-33785.0,25298.173076171875,41107,0.33,36,24380.0,55,47,61,64,64,65,69,56,46
8800,0.9814243333333333,41500,-56555.0,24610.70423828125,41561,0.27,48,14110.0,60,57,55,52,55,61,63,55,56
8900,0.9812132222222222,65750,-34420.0,24519.758076171875,42061,0.27,37,24220.0,58,58,66,63,66,56,51,73,67
9000,0.9810021111111111,-154500,-55867.5,25398.460478515626,42512,0.22,47,13170.0,58,57,49,41,60,69,50,57,68
9100,0.980791,90250,-32220.0,25113.10921875,42991,0.14,40,28660.0,57,60,64,64,54,51,53,61,72
9200,0.9805798888888889,32000,-46380.0,24926.33376953125,43452,0.08,42,16460.0,66,55,59,52,51,59,58,56,71
9300,0.9803687777777778,25750,-47092.5,26092.1734375,43934,0.15,43,16730.0,59,54,60,64,72,46,57,60,69
9400,0.9801576666666667,33000,-60055.0,25912.21796875,44370,0.11,51,11900.0,51,68,45,57,52,43,51,58,62
9500,0.9799465555555555,7000,-37850.0,25576.08458984375,44838,0.15,39,22690.0,66,53,66,57,53,61,59,56,63
9600,0.9797354444444445,45000,-34987.5,25062.659453125,45328,0.19,37,23130.0,59,61,61,53,66,57,61,64,67
9700,0.9795243333333333,24000,-31317.5,25634.36044921875,45833,0.21,36,26420.0,76,64,68,56,59,61,58,67,72
9800,0.9793132222222223,-140000,-61772.5,25547.399140625,46276,0.22,52,11870.0,46,65,46,59,50,53,50,63,57
9900,0.9791021111111111,12000,-36935.0,25889.76201171875,46763,0.24,39,23230.0,51,49,62,59,62,66,67,55,67
10000,0.978891,-212750,-33865.0,25549.451396484375,47263,0.32,33,21420.0,65,63,64,56,66,73,58,55,65
10100,0.9786798888888889,20500,-37800.0,25152.955146484375,47749,0.07,39,21370.0,61,66,66,52,64,50,57,64,67
10200,0.9784687777777777,-8000,-45147.5,26481.79251953125,48203,0.21,44,20570.0,60,50,57,65,63,39,54,58,68
10300,0.9782576666666667,42250,-50160.0,25399.75451171875,48677,0.17,44,15040.0,52,47,69,64,49,67,45,72,61
10400,0.9780465555555555,62000,-42955.0,25522.703564453124,49143,0.17,42,21130.0,74,46,66,59,67,65,33,56,74
10500,0.9778354444444445,-5000,-51765.0,24628.77640625,49615,0.23,44,13920.0,63,55,59,68,57,42,65,66,60
10600,0.9776243333333333,56000,-57042.5,24573.922041015627,50059,0.27,47,13110.0,67,45,71,44,54,55,52,53,70
10700,0.9774132222222223,-140000,-34822.5,24883.248359375,50576,0.18,37,22940.0,62,73,59,62,75,54,67,54,73
10800,0.9772021111111111,67250,-32485.0,24996.021142578124,51052,0.27,35,23980.0,49,69,72,54,65,45,53,62,56
10900,0.976991,-155000,-38002.5,25341.1908984375,51517,0.18,40,22600.0,40,65,56,55,61,55,53,54,66
11000,0.9767798888888889,47500,-49772.5,25567.099765625,52000,0.29,44,16700.0,65,55,55,49,64,63,51,68,78
11100,0.9765687777777777,28500,-54115.0,25536.93458984375,52483,0.27,45,13430.0,73,63,60,61,59,67,48,64,61
11200,0.9763576666666667,42250,-21880.0,24746.773203125,52985,0.26,33,32120.0,60,62,57,62,66,66,71,57,61
11300,0.9761465555555555,50000,-48780.0,25401.390087890624,53438,0.11,46,18110.0,59,60,51,56,62,46,58,58,62
11400,0.9759354444444445,-165000,-30700.0,25048.320673828126,53928,0.19,36,26430.0,62,67,62,66,56,62,57,58,62
11500,0.9757243333333333,54000,-32835.0,25748.418125,54405,0.1,38,25750.0,60,76,56,55,55,54,64,62,55
11600,0.9755132222222223,-189000,-47152.5,26077.96451171875,54874,0.12,43,16480.0,50,68,52,61,63,54,54,51,66
11700,0.9753021111111111,28250,-37237.5,25140.214306640624,55355,0.27,37,21820.0,53,62,62,82,60,59,53,51,52
11800,0.975091,-159250,-36392.5,25455.93767578125,55823,0.11,40,24180.0,57,54,74,58,47,67,45,53,70
11900,0.9748798888888889,27500,-45237.5,24701.838837890624,56306,0.04,44,18560.0,62,59,63,50,69,52,83,42,65
12000,0.9746687777777778,32250,-40150.0,25972.66525390625,56790,0.2,38,19350.0,59,73,57,48,51,70,57,58,70
12100,0.9744576666666667,56250,-52567.5,24815.932333984376,57255,0.18,44,12950.0,63,53,54,53,75,42,65,55,68
12200,0.9742465555555555,-134500,-32877.5,26289.395107421875,57751,0.28,36,24640.0,48,62,62,54,70,68,75,55,50
12300,0.9740354444444445,28500,-49170.0,25205.877744140624,58214,0.15,45,17570.0,78,47,57,54,61,51,45,70,78
12400,0.9738243333333333,-129500,-43612.5,25787.689990234376,58688,0.16,44,21370.0,48,61,67,55,62,56,59,55,59
12500,0.9736132222222222,4500,-53050.0,24258.641728515624,59133,0.13,48,16370.0,61,46,60,50,57,54,63,49,66
12600,0.9734021111111111,1000,-47262.5,24598.815029296875,59596,0.21,41,16250.0,59,59,65,61,52,61,52,53,60
12700,0.973191,-125250,-39642.5,24822.7246484375,60080,0.09,40,20760.0,53,82,65,68,54,44,53,60,58
12800,0.9729798888888889,37750,-31232.5,26287.345986328124,60564,0.28,36,26970.0,62,63,57,54,65,64,60,61,60
12900,0.9727687777777778,49000,-31605.0,25682.5734765625,61039,0.12,38,26820.0,56,61,60,47,67,56,56,62,66
13000,0.9725576666666667,-150000,-45580.0,25155.7221484375,61504,0.27,44,20650.0,68,56,75,60,57,60,58,58,41
13100,0.9723465555555556,-130000,-40037.5,25524.99615234375,61969,0.1,40,20730.0,55,65,58,59,49,52,54,61,67
13200,0.9721354444444444,57750,-43072.5,25028.1983984375,62443,0.04,42,18940.0,56,64,65,61,52,54,54,59,65
13300,0.9719243333333334,33000,-46235.0,25673.13845703125,62895,0.14,43,17760.0,62,46,69,53,62,59,58,51,54
13400,0.9717132222222222,72000,-43067.5,25150.2501953125,63358,0.17,42,20590.0,59,48,77,64,56,51,53,57,57
13500,0.9715021111111111,-8000,-25355.0,24623.2062890625,63865,0.1,32,27170.0,67,70,65,58,53,64,59,73,65
13600,0.971291,47750,-48825.0,24560.525439453126,64316,0.1,46,18380.0,62,51,58,45,51,59,66,67,54
13700,0.9710798888888889,11750,-30952.5,26198.388076171876,64824,0.11,35,24540.0,64,69,74,56,57,61,64,65,62
13800,0.9708687777777778,14000,-48057.5,25607.840693359376,65284,0.14,44,17310.0,56,56,62,61,48,57,55,64,57
13900,0.9706576666666666,14500,-42982.5,25604.412060546874,65748,0.16,41,19110.0,57,55,43,71,65,43,70,55,62
14000,0.9704465555555556,61250,-35010.0,24877.426435546877,66231,0.08,40,25040.0,51,70,52,63,53,65,63,47,70
14100,0.9702354444444444,16000,-49732.5,25568.10267578125,66686,0.2,44,16260.0,52,54,51,52,59,47,66,62,64
14200,0.9700243333333334,-236500,-59177.5,25190.4371484375,67145,0.08,48,9990.0,69,53,62,59,62,54,44,63,62
14300,0.9698132222222222,-152000,-46737.5,24988.45390625,67612,0.16,44,18820.0,65,65,71,57,72,55,46,46,55
14400,0.9696021111111112,-8000,-44517.5,25191.7908203125,68084,0.21,44,21560.0,66,68,59,50,60,53,51,73,58
14500,0.969391,48500,-37535.0,25130.512080078126,68579,0.16,41,23580.0,52,83,69,58,55,51,51,66,62
14600,0.9691798888888888,-125500,-49410.0,25895.420888671873,69052,0.12,44,15340.0,59,58,60,53,55,58,55,65,69
14700,0.9689687777777778,35500,-38107.5,25333.458525390626,69533,0.14,41,23510.0,62,53,65,57,60,56,62,66,62
14800,0.9687576666666666,66750,-29592.5,25191.15875,70045,0.17,34,24980.0,61,54,58,59,78,52,58,82,71
14900,0.9685465555555556,50750,-33397.5,24016.8635546875,70545,0.16,39,26040.0,59,73,61,61,64,47,62,57,75
15000,0.9683354444444444,34000,-29162.5,24724.118701171876,71032,0.11,37,28100.0,63,62,55,57,79,42,54,70,68
15100,0.9681243333333334,28750,-45907.5,25141.395390625,71515,0.14,41,16230.0,63,55,47,60,62,51,67,75,66
15200,0.9679132222222222,-130500,-48797.5,24883.07859375,72004,0.2,44,16620.0,51,53,60,68,65,58,70,60,55
15300,0.9677021111111112,47500,-35102.5,25080.0696875,72491,0.24,35,21420.0,55,63,68,50,61,61,51,66,67
15400,0.967491,-162250,-43055.0,25372.131826171873,72974,0.25,41,19550.0,53,66,58,53,64,55,57,60,70
15500,0.9672798888888889,-147500,-52177.5,25165.5892578125,73433,0.21,44,13220.0,50,61,58,62,76,45,48,46,63
15600,0.9670687777777778,-136500,-40267.5,25055.821171875,73915,0.22,43,24400.0,59,51,50,58,70,63,68,66,56
15700,0.9668576666666666,-161250,-53430.0,25488.508828125,74382,0.16,46,13740.0,58,78,50,53,57,57,58,54,60
15800,0.9666465555555556,-130000,-52192.5,25112.484658203124,74824,0.12,47,15640.0,47,46,50,63,61,49,58,64,51
15900,0.9664354444444444,54750,-63252.5,25530.122626953125,75257,0.15,52,10180.0,45,56,47,57,65,48,51,59,50
16000,0.9662243333333334,-139500,-44772.5,25694.2780859375,75749,0.24,43,19310.0,57,65,60,61,55,52,59,70,70
16100,0.9660132222222222,51000,-42970.0,24592.87837890625,76209,0.22,43,22010.0,54,57,57,53,66,57,58,53,59
16200,0.9658021111111111,-137000,-53422.5,24789.928369140624,76647,0.13,47,14810.0,46,56,49,46,75,62,45,46,59
16300,0.965591,-156500,-35785.0,24538.679404296876,77130,0.08,37,21460.0,57,55,63,58,54,66,62,69,56
16400,0.9653798888888889,29250,-45117.5,24738.87208984375,77597,0.29,41,18300.0,57,51,60,69,57,62,57,55,56
16500,0.9651687777777778,30500,-47437.5,24077.4515234375,78061,0.09,42,14960.0,53,69,57,52,51,59,65,60,51
16600,0.9649576666666667,45000,-34927.5,24504.68541015625,78541,0.03,37,21770.0,59,62,58,58,74,53,59,55,61
16700,0.9647465555555556,37500,-52830.0,24931.156748046877,78994,0.28,46,15410.0,53,57,59,47,58,41,69,58,64
16800,0.9645354444444445,-150000,-41852.5,25047.91884765625,79470,0.09,42,20100.0,50,58,56,39,67,66,68,66,56
16900,0.9643243333333333,30250,-36442.5,25589.7021875,79932,0.12,42,25970.0,53,45,56,61,61,71,55,50,63
17000,0.9641132222222222,34000,-37082.5,24728.963134765625,80406,0.14,38,22190.0,64,64,64,45,66,52,61,66,56
17100,0.9639021111111111,47000,-39535.0,25063.70765625,80879,0.29,39,22080.0,62,68,54,56,65,57,70,50,53
17200,0.963691,6500,-39187.5,24801.11763671875,81360,0.26,41,23720.0,61,60,65,66,47,66,62,58,57
17300,0.9634798888888889,-2000,-38330.0,25020.654580078124,81818,0.27,39,22350.0,47,58,49,71,53,41,56,66,64
17400,0.9632687777777778,-129250,-34970.0,25084.7456640625,82316,0.24,38,24740.0,63,63,68,78,61,50,65,55,58
17500,0.9630576666666667,34250,-56772.5,25254.929140625,82767,0.05,48,11620.0,47,59,48,47,55,58,67,54,63
17600,0.9628465555555555,-138250,-42055.0,25301.35705078125,83249,0.02,41,19080.0,63,70,58,62,57,53,71,58,53
17700,0.9626354444444445,-132250,-23690.0,25462.16453125,83747,0.13,32,28660.0,63,61,80,60,64,52,57,68,56
17800,0.9624243333333333,-29000,-45912.5,24770.62791015625,84208,0.25,43,18810.0,51,67,46,55,44,51,57,68,73
17900,0.9622132222222222,-128250,-35802.5,24909.537041015625,84686,0.3,38,24800.0,55,69,54,57,58,50,59,66,65
18000,0.9620021111111111,15000,-41890.0,25635.841240234375,85165,0.18,42,21340.0,62,32,64,70,56,71,64,59,63
18100,0.961791,-130000,-49015.0,24602.29189453125,85617,0.16,44,16700.0,55,60,53,61,59,48,52,44,75
18200,0.9615798888888889,-135000,-42357.5,24881.8409375,86085,0.18,42,20610.0,57,57,59,68,64,55,54,51,60
18300,0.9613687777777777,72000,-60810.0,24925.61751953125,86525,0.2,49,10280.0,53,67,38,50,70,48,53,58,56
18400,0.9611576666666667,34000,-36085.0,26002.206611328125,87023,0.18,38,23300.0,70,68,61,59,62,62,65,59,62
18500,0.9609465555555555,-124500,-50042.5,24802.345556640626,87496,0.12,47,17220.0,48,56,52,66,60,53,54,55,77
18600,0.9607354444444445,-160500,-38125.0,25433.541552734376,87968,0.07,41,22960.0,61,66,54,62,56,60,74,52,48
18700,0.9605243333333333,-131500,-29272.5,24633.821220703125,88458,0.1,33,23050.0,44,68,51,55,70,58,58,67,63
18800,0.9603132222222223,65000,-46675.0,25374.998359375,88938,0.15,44,18930.0,73,46,56,48,69,64,66,65,66
18900,0.9601021111111111,4750,-42785.0,24954.629189453124,89395,0.24,41,19770.0,51,50,60,50,55,64,51,59,68
19000,0.959891,56000,-51352.5,24910.863935546877,89857,0.19,45,15200.0,58,52,59,62,77,52,60,47,53
19100,0.9596798888888889,17000,-36805.0,26106.72990234375,90354,0.12,36,19320.0,55,54,64,65,65,59,78,48,64
19200,0.9594687777777777,-155000,-47187.5,24849.483359375,90838,0.18,44,17870.0,57,68,54,51,67,66,55,61,62
19300,0.9592576666666667,20000,-31247.5,25623.23818359375,91336,0.14,35,24550.0,56,69,58,68,75,59,62,52,55
19400,0.9590465555555555,55750,-51605.0,25193.391298828126,91788,0.26,45,15480.0,52,60,49,65,57,48,51,48,74
19500,0.9588354444444445,-128000,-42560.0,24993.319208984376,92276,0.2,40,18630.0,56,64,58,56,63,58,62,65,62
19600,0.9586243333333333,-165000,-56025.0,25376.3596875,92741,0.11,50,14970.0,53,55,49,51,52,71,60,65,62
19700,0.9584132222222222,-158000,-45100.0,24689.320908203124,93211,0.28,42,18700.0,56,48,69,55,56,53,69,54,66
19800,0.9582021111111111,-141750,-41152.5,24889.52611328125,93693,0.25,41,21880.0,66,60,56,50,63,69,62,61,61
19900,0.957991,50000,-29735.0,25578.143798828125,94183,0.21,33,24180.0,49,59,58,65,75,52,55,58,68
20000,0.9577798888888889,-126000,-39105.0,25429.57998046875,94654,0.16,39,21480.0,68,78,45,61,65,70,43,55,54
20100,0.9575687777777778,-214500,-42922.5,24694.522626953127,95102,0.14,43,21040.0,44,57,54,55,57,59,44,61,61
20200,0.9573576666666667,47500,-38265.0,24835.184248046877,95567,0.05,40,22290.0,70,61,65,65,45,54,45,55,75
20300,0.9571465555555556,25000,-41327.5,25125.591240234375,96034,0.28,42,23270.0,59,56,62,54,63,54,61,48,69
20400,0.9569354444444444,18000,-33465.0,24904.32990234375,96528,0.23,36,24120.0,54,62,58,60,66,62,67,58,61
20500,0.9567243333333333,-158000,-30230.0,24179.005625,97035,0.12,34,23910.0,61,85,66,54,75,66,55,44,62
20600,0.9565132222222222,-160000,-57495.0,25265.739296875,97494,0.08,48,11160.0,50,68,42,63,53,49,59,61,64
20700,0.9563021111111111,14250,-47685.0,25162.155146484376,97960,0.05,45,17930.0,60,59,52,60,52,61,75,61,46
20800,0.956091,57500,-36557.5,25321.5780859375,98434,0.37,39,25050.0,54,56,67,71,60,59,38,54,69
20900,0.9558798888888889,15000,-38512.5,24272.271015625,98918,0.17,39,21610.0,62,66,62,58,60,56,53,56,73
21000,0.9556687777777778,55750,-36990.0,25140.118251953125,99398,0.16,40,24200.0,60,56,67,52,60,52,66,66,61
21100,0.9554576666666666,-146000,-29737.5,25272.4785546875,99905,0.18,35,25880.0,59,80,63,51,65,56,67,69,56
21200,0.9552465555555556,25000,-58432.5,24801.221357421877,100000,0.13,50,12980.0,54,45,51,43,47,54,56,70,51
21300,0.9550354444444444,27750,-48012.5,24627.238291015627,100000,0.27,42,16460.0,49,52,54,64,50,60,49,50,68
21400,0.9548243333333333,63500,-34282.5,25121.425908203124,100000,0.2,36,22520.0,51,61,61,71,68,67,49,66,61
21500,0.9546132222222222,-145000,-44555.0,25289.87404296875,100000,0.12,40,16610.0,63,50,59,61,56,64,60,65,61
21600,0.9544021111111111,48500,-41480.0,24736.519072265626,100000,0.12,39,18130.0,61,51,64,70,68,54,58,53,63
21700,0.954191,70500,-25325.0,25909.572001953125,100000,0.19,33,28230.0,59,72,65,50,55,60,66,62,67
21800,0.9539798888888888,70500,-51265.0,24788.78978515625,100000,0.16,44,14670.0,60,47,47,47,68,52,48,68,66
21900,0.9537687777777778,55750,-49660.0,24881.9944921875,100000,0.11,46,16820.0,45,55,60,60,56,57,56,54,66
22000,0.9535576666666666,32000,-55177.5,25979.162109375,100000,0.16,48,14190.0,63,55,51,69,51,56,65,60,68
22100,0.9533465555555556,-131000,-44625.0,24879.855029296876,100000,0.21,42,18550.0,59,67,73,52,66,64,46,45,62
22200,0.9531354444444444,-232250,-45640.0,24923.7867578125,100000,0.24,40,16190.0,64,52,53,64,64,61,63,62,60
22300,0.9529243333333334,45000,-33325.0,25054.327724609375,100000,0.11,38,25390.0,63,67,55,57,55,60,68,58,60
22400,0.9527132222222222,-134000,-42027.5,25219.50845703125,100000,0.18,42,21700.0,70,54,77,60,55,61,60,53,61
22500,0.9525021111111112,-165000,-57830.0,25112.617255859375,100000,0.21,50,13950.0,55,50,50,62,63,58,52,66,56
22600,0.952291,3750,-40740.0,24845.558095703123,100000,0.17,39,19530.0,59,59,58,58,56,61,62,52,67
22700,0.9520798888888888,15500,-51755.0,25437.185185546874,100000,0.3,46,17190.0,52,53,59,59,56,59,63,53,56
22800,0.9518687777777778,-6000,-55240.0,25594.334091796874,100000,0.14,48,13760.0,54,66,56,64,76,40,52,61,59
22900,0.9516576666666666,3000,-43132.5,24476.090908203125,100000,0.33,41,20210.0,54,52,58,66,63,52,64,68,61
23000,0.9514465555555556,-164000,-44345.0,25154.873583984376,100000,0.14,42,18600.0,59,61,63,46,54,73,56,54,72
23100,0.9512354444444444,67000,-48417.5,25579.671201171874,100000,0.1,44,16300.0,61,59,57,59,56,62,61,59,59
23200,0.9510243333333334,22750,-62790.0,25386.544072265624,100000,0.17,51,10110.0,65,48,57,52,63,61,60,54,69
23300,0.9508132222222222,-130250,-41257.5,25296.58654296875,100000,0.29,41,21830.0,48,55,50,53,62,62,62,66,54
23400,0.9506021111111111,63500,-18367.5,24734.5489453125,100000,0.17,31,33060.0,52,72,71,64,71,48,52,64,68
23500,0.950391,-21750,-51482.5,24602.563916015624,100000,0.19,46,16410.0,56,55,52,56,65,56,54,62,60
23600,0.9501798888888889,-132000,-60810.0,25072.42107421875,100000,0.2,52,13010.0,55,51,48,51,62,54,59,64,48
23700,0.9499687777777778,0,-48580.0,25135.630234375,100000,0.19,45,18200.0,63,46,65,65,70,56,44,62,62
23800,0.9497576666666667,70000,-34775.0,24670.972431640625,100000,0.2,35,22230.0,71,60,59,71,46,61,61,63,66
23900,0.9495465555555556,-2500,-64940.0,24684.235029296877,100000,0.3,51,9410.0,63,64,53,47,53,55,58,57,64
24000,0.9493354444444444,-132000,-34575.0,24489.764560546875,100000,0.22,36,22730.0,66,57,74,70,64,55,61,55,63
24100,0.9491243333333333,2750,-40890.0,25368.78228515625,100000,0.06,40,19330.0,61,63,61,73,68,58,38,58,60
24200,0.9489132222222222,-126000,-23697.5,25567.383583984374,100000,0.22,33,30110.0,61,51,56,61,54,61,69,65,76
24300,0.9487021111111111,11750,-20640.0,25091.583798828124,100000,0.17,29,28570.0,47,56,69,52,61,60,62,61,64
24400,0.948491,-150000,-36395.0,24949.85271484375,100000,0.08,38,21820.0,61,75,50,59,63,69,55,49,65
24500,0.9482798888888889,16500,-42705.0,24860.741875,100000,0.22,40,19320.0,63,59,57,62,70,46,52,63,56
24600,0.9480687777777778,19250,-36360.0,24710.769375,100000,0.1,38,22560.0,66,60,67,62,59,56,61,58,52
24700,0.9478576666666667,19250,-45165.0,25261.63216796875,100000,0.17,44,19600.0,44,67,63,65,65,44,61,55,55
24800,0.9476465555555555,-143000,-32977.5,24619.628076171874,100000,0.19,38,26340.0,60,46,65,72,59,70,39,72,61
24900,0.9474354444444445,48000,-49687.5,25389.771884765625,100000,0.11,48,19480.0,61,55,54,60,60,45,52,52,63
25000,0.9472243333333333,22000,-43827.5,24800.36619140625,100000,0.1,44,20440.0,47,66,50,58,50,60,52,71,62
25100,0.9470132222222222,-159000,-45485.0,25558.71478515625,100000,0.12,42,17260.0,62,65,66,54,59,53,48,65,63
25200,0.9468021111111111,-157000,-62202.5,24390.458818359373,100000,0.11,52,11680.0,52,56,54,41,53,61,51,54,59
25300,0.946591,-151000,-42005.0,25127.892802734375,100000,0.11,41,19380.0,51,64,59,61,62,51,63,56,68
25400,0.9463798888888889,-145000,-32780.0,25226.672197265623,100000,0.19,38,25910.0,51,69,60,66,51,63,54,81,44
25500,0.9461687777777777,-190000,-30630.0,24718.54484375,100000,0.17,35,25390.0,67,56,76,63,76,61,58,64,58
25600,0.9459576666666667,42250,-43005.0,25278.224267578124,100000,0.27,40,19080.0,60,47,67,68,56,60,63,48,74
25700,0.9457465555555555,5500,-52715.0,25953.09248046875,100000,0.11,48,16080.0,41,63,51,53,54,56,57,49,60
25800,0.9455354444444445,11500,-45387.5,25840.70861328125,100000,0.06,43,17940.0,55,66,58,56,74,68,43,56,59
25900,0.9453243333333333,52500,-46172.5,25412.913984375,100000,0.23,43,18510.0,48,46,50,66,72,64,50,54,50
26000,0.9451132222222223,-125500,-49717.5,25298.50177734375,100000,0.36,46,18510.0,49,69,55,56,59,70,59,63,64
26100,0.9449021111111111,88500,-51415.0,25357.220859375,100000,0.3,45,16450.0,59,65,62,60,57,44,46,61,74
26200,0.944691,-164000,-40392.5,24848.3465625,100000,0.14,40,20530.0,63,65,60,50,64,53,53,63,65
26300,0.9444798888888889,-138750,-48575.0,25361.183330078125,100000,0.16,44,16150.0,48,55,62,58,74,52,61,51,71
26400,0.9442687777777777,-30500,-56205.0,25133.049267578124,100000,0.3,47,13610.0,51,58,61,69,52,52,58,46,64
26500,0.9440576666666667,-125750,-34480.0,26349.029375,100000,0.35,37,24730.0,50,59,56,53,58,63,57,72,55
26600,0.9438465555555555,-200250,-37895.0,25396.07392578125,100000,0.1,38,20400.0,63,64,76,67,65,62,53,47,61
26700,0.9436354444444445,63000,-39242.5,25136.595244140626,100000,0.09,41,22570.0,58,53,56,53,50,58,65,64,63
26800,0.9434243333333333,-140500,-35680.0,24784.4073046875,100000,0.27,39,24770.0,50,61,48,55,66,68,54,60,65
26900,0.9432132222222223,-179000,-47935.0,25161.97015625,100000,0.13,45,17630.0,42,73,48,48,51,61,71,53,49
27000,0.9430021111111111,34750,-35930.0,24178.5260546875,100000,0.16,40,24640.0,42,59,49,63,58,57,66,58,62
27100,0.942791,49500,-38880.0,25258.00220703125,100000,0.25,39,21950.0,58,63,64,53,46,56,45,70,77
27200,0.9425798888888889,62000,-43465.0,25183.072021484375,100000,0.08,43,20710.0,72,48,65,57,54,52,63,63,62
27300,0.9423687777777778,-162000,-51325.0,24663.040810546874,100000,0.42,44,16860.0,59,59,52,59,55,48,68,49,60
27400,0.9421576666666667,-2250,-40617.5,24992.83611328125,100000,0.31,38,20260.0,65,56,64,55,62,68,55,61,57
27500,0.9419465555555555,22250,-60740.0,25248.89564453125,100000,0.12,51,11330.0,47,57,51,49,69,59,50,54,66
27600,0.9417354444444445,-155250,-55397.5,24520.912958984376,100000,0.17,48,14550.0,59,53,64,65,61,56,46,51,64
27700,0.9415243333333333,-156750,-52590.0,25256.623984375,100000,0.12,47,16080.0,70,47,58,61,57,77,48,53,64
27800,0.9413132222222222,24000,-40725.0,25497.463349609374,100000,0.17,39,19400.0,64,60,60,61,59,71,60,60,60
27900,0.9411021111111111,-144500,-24520.0,25461.811728515626,100000,0.07,31,26690.0,78,66,57,64,62,59,64,71,60
28000,0.940891,13500,-43775.0,24826.792841796876,100000,0.12,41,17860.0,55,58,56,62,53,63,39,58,78
28100,0.9406798888888889,-162000,-38647.5,25008.974375,100000,0.35,39,22590.0,58,62,63,64,71,59,54,58,52
28200,0.9404687777777778,-162000,-46350.0,24754.34703125,100000,0.27,42,18330.0,73,49,74,62,62,55,52,63,63
28300,0.9402576666666667,-151000,-44952.5,24415.05515625,100000,0.08,44,19450.0,46,71,56,47,70,53,48,58,56
28400,0.9400465555555555,47000,-41910.0,25457.350625,100000,0.2,44,23030.0,40,71,63,59,56,46,63,46,68
28500,0.9398354444444444,-136000,-35465.0,24815.60025390625,100000,0.32,38,25380.0,64,55,53,51,67,55,60,56,67
28600,0.9396243333333333,43500,-45172.5,24321.164609375,100000,0.12,43,18820.0,62,54,63,64,66,53,55,67,56
28700,0.9394132222222222,52000,-45100.0,24583.83994140625,100000,0.22,43,20140.0,70,57,60,66,53,62,53,62,51
28800,0.9392021111111111,34750,-48235.0,24088.291611328124,100000,0.13,44,16350.0,57,59,58,54,70,60,51,65,64
28900,0.938991,-154500,-45225.0,25808.096064453126,100000,0.22,43,18910.0,52,56,46,60,71,67,60,68,62
29000,0.9387798888888889,-215000,-33757.5,25662.267158203125,100000,0.12,36,22880.0,62,46,57,51,63,64,80,60,65
29100,0.9385687777777778,-155000,-50375.0,24691.774267578126,100000,0.14,46,16820.0,62,66,52,60,57,53,63,47,64
29200,0.9383576666666666,-150000,-48622.5,24183.364501953125,100000,0.24,46,19170.0,46,64,61,47,64,44,48,50,64
29300,0.9381465555555556,-7750,-35522.5,25795.0175390625,100000,0.19,39,24720.0,58,61,69,57,52,58,60,67,61
29400,0.9379354444444444,3000,-63050.0,25754.728271484375,100000,0.12,51,9220.0,53,64,56,62,52,43,56,50,64
29500,0.9377243333333334,23500,-49255.0,25429.851611328126,100000,0.19,44,17270.0,71,62,54,56,49,66,51,73,55
29600,0.9375132222222222,16250,-53347.5,24861.278466796874,100000,0.25,47,15470.0,49,55,60,40,67,57,53,69,64
29700,0.9373021111111111,63000,-44855.0,25610.898154296876,100000,0.15,43,19040.0,65,69,63,62,56,49,56,52,75
29800,0.937091,74500,-34900.0,25958.662314453126,100000,0.26,37,23260.0,38,60,58,66,51,55,70,63,67
29900,0.9368798888888888,-155000,-39032.5,25026.595302734375,100000,0.3,40,22850.0,45,61,62,59,62,50,57,68,72
30000,0.9366687777777778,-211500,-50460.0,26000.848837890626,100000,0.13,46,16780.0,60,66,49,53,53,64,65,48,61
30100,0.9364576666666666,25250,-51035.0,25393.98072265625,100000,0.32,45,17500.0,50,62,58,46,53,63,57,53,50
30200,0.9362465555555556,22500,-39085.0,25336.5490625,100000,0.08,39,20490.0,60,56,49,58,71,62,45,67,72
30300,0.9360354444444444,31000,-56885.0,25224.304521484373,100000,0.24,51,15930.0,41,58,49,52,69,51,52,48,70
30400,0.9358243333333334,63500,-40277.5,24986.498984375,100000,0.32,40,21530.0,48,68,58,66,62,56,52,57,67
30500,0.9356132222222222,76000,-50052.5,25697.9416015625,100000,0.09,44,15180.0,78,73,69,57,58,62,55,51,70
30600,0.9354021111111112,-131000,-47027.5,25377.447373046874,100000,0.24,43,17850.0,45,68,55,47,61,47,46,58,77
30700,0.935191,-130000,-44692.5,25580.9158984375,100000,0.18,45,22180.0,53,52,45,51,67,51,51,56,69
30800,0.9349798888888889,-148000,-57420.0,24507.12287109375,100000,0.07,48,11240.0,52,61,56,50,54,51,60,62,72
30900,0.9347687777777778,-138000,-47762.5,25437.8690625,100000,0.3,45,20040.0,57,62,58,62,67,58,53,57,56
31000,0.9345576666666666,-9000,-46172.5,24898.311416015626,100000,0.17,43,18540.0,60,57,50,57,62,54,64,51,64
31100,0.9343465555555556,52250,-58085.0,25734.0125390625,100000,0.13,50,12490.0,43,69,46,51,60,52,70,53,60
31200,0.9341354444444444,-137250,-52485.0,25322.752626953126,100000,0.18,48,17730.0,61,64,66,60,63,45,56,53,59
31300,0.9339243333333334,15000,-45880.0,25141.23060546875,100000,0.24,43,19010.0,54,58,56,61,68,55,63,44,72
31400,0.9337132222222222,-250,-36217.5,25843.666650390624,100000,0.24,36,21290.0,54,59,64,51,61,50,72,66,66
31500,0.9335021111111111,75250,-37927.5,25046.53181640625,100000,0.2,40,22530.0,50,58,62,58,57,64,47,58,67
31600,0.933291,-34000,-31762.5,25452.032099609376,100000,0.13,37,25890.0,67,54,72,49,64,57,51,66,80
31700,0.9330798888888889,-175250,-51052.5,25044.60904296875,100000,0.17,47,16740.0,53,70,47,54,49,59,68,60,60
31800,0.9328687777777778,-14000,-43645.0,25113.06408203125,100000,0.04,43,19460.0,57,63,58,56,54,49,55,60,66
31900,0.9326576666666666,-138000,-46270.0,25605.3545703125,100000,0.12,45,19500.0,50,57,56,57,52,72,52,45,68
32000,0.9324465555555556,3750,-48752.5,25855.489853515624,100000,0.21,43,15640.0,52,69,59,64,64,63,43,63,55
32100,0.9322354444444445,-139000,-51427.5,25818.979580078125,100000,0.09,47,16280.0,59,51,59,49,64,50,52,72,55
32200,0.9320243333333333,-7000,-42510.0,25278.100048828124,100000,0.33,40,19650.0,52,65,61,56,42,61,55,66,84
32300,0.9318132222222222,84750,-44730.0,24719.56302734375,100000,0.34,41,18410.0,51,63,65,57,45,45,72,69,68
32400,0.9316021111111111,60000,-53437.5,25476.82591796875,100000,0.15,45,12620.0,53,56,59,51,66,51,65,44,55
32500,0.931391,25500,-41335.0,25157.6830859375,100000,0.2,42,21560.0,46,62,63,60,63,50,52,52,60
32600,0.9311798888888889,-140000,-44412.5,24809.745009765626,100000,0.13,41,17150.0,49,69,54,57,64,58,55,58,64
32700,0.9309687777777778,26750,-49175.0,25445.76625,100000,0.21,45,17610.0,52,63,52,48,52,64,48,52,71
32800,0.9307576666666667,-204250,-46065.0,25294.39888671875,100000,0.23,44,19590.0,56,66,48,48,61,65,57,55,66
32900,0.9305465555555555,44500,-57185.0,24989.8539453125,100000,0.13,50,14420.0,60,51,56,47,67,52,56,52,65
33000,0.9303354444444445,8750,-38517.5,25079.169638671876,100000,0.25,40,23040.0,54,64,56,50,52,69,63,62,57
33100,0.9301243333333333,7250,-25377.5,25531.3041796875,100000,0.24,32,28150.0,69,58,60,67,69,64,55,60,59
33200,0.9299132222222222,-142000,-45945.0,25640.68775390625,100000,0.11,43,18080.0,60,60,53,62,58,51,59,55,81
33300,0.9297021111111111,-148250,-65770.0,25534.470703125,100000,0.12,54,9890.0,53,46,47,50,63,51,66,51,65
33400,0.9294910000000001,-141000,-57677.5,25678.649296875,100000,0.19,49,13470.0,57,35,59,62,67,55,48,55,60
33500,0.9292798888888889,78750,-52625.0,25103.26580078125,100000,0.08,47,15420.0,59,50,55,52,58,64,55,54,56
33600,0.9290687777777777,-3250,-51342.5,24722.36953125,100000,0.28,44,15210.0,61,53,57,62,63,58,59,58,62
33700,0.9288576666666667,23750,-32340.0,24997.77259765625,100000,0.26,35,23950.0,52,55,59,64,59,55,73,67,66
33800,0.9286465555555555,46000,-38550.0,25644.941640625,100000,0.26,39,21850.0,49,65,51,54,64,64,68,64,55
33900,0.9284354444444445,-145000,-53285.0,24998.2248828125,100000,0.16,47,15070.0,45,59,53,57,65,60,49,53,61
34000,0.9282243333333333,-182500,-39645.0,24887.151708984376,100000,0.22,39,20940.0,72,65,60,59,61,66,62,61,66
34100,0.9280132222222223,55500,-47897.5,25770.770009765623,100000,0.2,44,17240.0,52,50,58,56,66,52,54,59,72
34200,0.9278021111111111,-137000,-37285.0,25231.7766015625,100000,0.23,39,23030.0,50,59,64,69,70,53,55,48,67
34300,0.927591,-135000,-43822.5,24101.533798828124,100000,0.2,41,18570.0,50,54,58,53,63,67,62,57,77
34400,0.9273798888888889,58250,-62572.5,25126.75833984375,100000,0.16,51,10320.0,53,53,67,55,51,54,55,50,61
34500,0.9271687777777777,-149750,-38107.5,24939.229287109374,100000,0.21,39,22590.0,53,54,49,57,64,59,59,58,66
34600,0.9269576666666667,-135000,-48382.5,25823.35271484375,100000,0.19,45,18460.0,55,41,55,71,45,58,55,61,51
34700,0.9267465555555555,35750,-27517.5,24724.94375,100000,0.24,32,26180.0,57,67,68,60,59,50,53,59,71
34800,0.9265354444444445,-4000,-40992.5,24821.1901171875,100000,0.13,41,21160.0,59,62,56,53,61,62,53,67,53
34900,0.9263243333333333,-135000,-49385.0,24835.09236328125,100000,0.03,45,15400.0,40,55,61,66,65,43,53,47,73
35000,0.9261132222222223,-145250,-39815.0,24785.954638671876,100000,0.08,41,21330.0,61,58,68,65,67,53,55,53,67
35100,0.9259021111111111,84500,-51185.0,24697.9184375,100000,0.12,44,14210.0,55,39,60,53,57,51,55,75,66
35200,0.925691,-130000,-31527.5,25538.22,100000,0.23,38,27650.0,60,55,63,53,47,63,52,57,90
35300,0.9254798888888889,37500,-42652.5,25108.733671875,100000,0.05,44,21830.0,61,49,58,52,43,45,70,68,84
35400,0.9252687777777778,-123750,-45212.5,25938.88447265625,100000,0.07,42,16680.0,47,64,47,68,68,50,55,64,69
35500,0.9250576666666667,25000,-45310.0,24811.24748046875,100000,0.11,45,20880.0,59,71,62,52,61,53,44,65,50
35600,0.9248465555555555,-145000,-40900.0,25451.96927734375,100000,0.13,41,21090.0,63,56,70,64,56,52,56,48,60
35700,0.9246354444444445,46500,-36157.5,25021.7941796875,100000,0.3,39,23860.0,52,54,56,62,58,56,72,55,69
35800,0.9244243333333333,-145000,-38505.0,25104.54197265625,100000,0.24,42,25050.0,54,64,62,57,62,45,52,64,81
35900,0.9242132222222222,67750,-39532.5,24829.20162109375,100000,0.04,40,21060.0,69,61,71,49,59,54,52,55,67
36000,0.9240021111111111,-130500,-43730.0,24647.921318359375,100000,0.29,42,20140.0,46,74,68,63,56,48,54,51,63
36100,0.923791,62000,-30147.5,25311.491318359374,100000,0.03,39,28680.0,56,61,54,54,55,60,51,67,68
36200,0.9235798888888889,21750,-61660.0,26307.787890625,100000,0.18,50,9760.0,39,59,48,49,59,39,64,49,69
36300,0.9233687777777778,-125500,-35567.5,25111.44701171875,100000,0.17,38,23400.0,53,69,57,72,48,61,55,69,71
36400,0.9231576666666667,-148750,-33997.5,24853.3521484375,100000,0.2,37,24530.0,53,55,59,48,72,53,61,54,74
36500,0.9229465555555556,-125000,-47720.0,25892.373642578124,100000,0.12,44,17220.0,64,65,68,59,53,51,49,60,71
36600,0.9227354444444444,-149250,-52250.0,26170.340576171875,100000,0.17,45,14630.0,56,54,53,54,39,55,58,61,75
36700,0.9225243333333333,26000,-60797.5,24967.337431640626,100000,0.17,50,10720.0,45,63,58,53,51,48,56,60,64
36800,0.9223132222222222,47250,-42235.0,25345.65986328125,100000,0.16,41,19480.0,53,62,59,56,47,51,43,83,73
36900,0.9221021111111111,42500,-60542.5,25237.358837890624,100000,0.18,51,12270.0,53,71,46,56,62,51,68,50,57
37000,0.921891,-135500,-57282.5,26165.24900390625,100000,0.05,51,13720.0,49,58,60,50,46,59,61,65,64
37100,0.9216798888888889,30750,-25002.5,25423.52546875,100000,0.18,31,27170.0,58,63,58,63,56,58,51,74,68
37200,0.9214687777777778,62000,-53247.5,24920.4659375,100000,0.2,45,13050.0,44,53,58,59,53,55,52,67,68
37300,0.9212576666666666,-191000,-41905.0,25284.56017578125,100000,0.1,42,20740.0,51,59,57,67,47,55,56,60,68
37400,0.9210465555555556,75000,-43160.0,25640.23513671875,100000,0.11,44,21150.0,51,64,66,43,51,53,56,68,70
37500,0.9208354444444444,-157250,-46945.0,24307.0983203125,100000,0.06,44,17170.0,45,41,61,44,63,58,51,64,70
37600,0.9206243333333334,13250,-34712.5,24868.610927734375,100000,0.05,38,23060.0,50,60,60,67,68,66,59,47,52
37700,0.9204132222222222,15000,-48002.5,25672.676484375,100000,0.19,46,19380.0,59,62,69,56,47,45,51,65,72
37800,0.9202021111111112,7500,-37532.5,24743.333740234375,100000,0.16,40,22600.0,50,65,73,53,59,51,61,67,65
37900,0.919991,-127000,-38565.0,25630.47515625,100000,0.14,38,20500.0,63,59,65,52,56,55,62,65,64
38000,0.9197798888888888,30250,-37800.0,25475.976318359375,100000,0.06,39,21120.0,64,61,57,64,66,56,68,51,73
38100,0.9195687777777778,94500,-54875.0,24972.16625,100000,0.19,46,12700.0,51,50,60,57,45,57,55,64,57
38200,0.9193576666666666,18000,-18802.5,24511.1737890625,100000,0.24,28,30170.0,61,74,74,53,71,62,58,57,61
38300,0.9191465555555556,73500,-20795.0,24596.37646484375,100000,0.13,32,30780.0,47,66,62,79,50,62,47,60,72
38400,0.9189354444444444,41000,-33607.5,25286.418359375,100000,0.11,37,23620.0,44,60,59,50,60,53,54,65,68
38500,0.9187243333333334,5750,-34525.0,25897.854677734376,100000,0.14,39,25860.0,64,57,55,70,51,54,50,70,68
38600,0.9185132222222222,94000,-26590.0,25283.48599609375,100000,0.12,37,29940.0,40,56,61,74,52,68,64,64,60
38700,0.9183021111111112,72000,-60987.5,26110.0698046875,100000,0.09,51,10850.0,52,53,49,48,62,54,48,65,62
38800,0.918091,8750,-45157.5,24627.721181640623,100000,0.17,43,19250.0,53,63,62,59,45,54,50,56,69
38900,0.9178798888888888,47250,-46507.5,25218.918251953124,100000,0.3,41,17490.0,55,41,56,52,64,68,58,54,71
39000,0.9176687777777778,-125250,-40830.0,24352.3600390625,100000,0.25,38,18650.0,49,78,53,62,61,50,61,55,62
39100,0.9174576666666667,56500,-53257.5,24794.439453125,100000,0.14,47,14930.0,44,70,42,50,60,49,53,54,63
39200,0.9172465555555556,83000,-53910.0,25737.999228515626,100000,0.28,46,14760.0,49,72,38,66,52,59,50,53,49
39300,0.9170354444444444,18250,-32855.0,24896.57900390625,100000,0.14,38,25280.0,54,66,64,57,76,60,45,61,68
39400,0.9168243333333334,54000,-47430.0,24983.436259765625,100000,0.05,43,15790.0,60,66,55,54,67,59,51,52,63
39500,0.9166132222222222,8500,-60590.0,25600.305810546874,100000,0.09,51,11100.0,43,63,42,66,52,56,55,52,66
39600,0.9164021111111111,49000,-31977.5,24429.051171875,100000,0.15,37,25660.0,57,74,68,67,57,38,57,48,78
39700,0.916191,-130250,-49722.5,25177.31791015625,100000,0.14,46,17200.0,46,51,66,62,58,57,50,58,55
39800,0.9159798888888889,29000,-45037.5,25522.80953125,100000,0.17,41,17160.0,65,65,72,49,61,66,47,57,68
39900,0.9157687777777778,64250,-25942.5,25844.552490234375,100000,0.26,37,31760.0,42,60,47,50,69,56,51,62,92
40000,0.9155576666666667,16000,-40922.5,25864.95408203125,100000,0.22,41,21450.0,47,70,50,56,55,51,59,56,72
40100,0.9153465555555556,-160000,-43645.0,25258.932734375,100000,0.44,43,23020.0,51,71,62,64,43,72,46,49,67
40200,0.9151354444444444,-143000,-33547.5,24855.65009765625,100000,0.3,35,23680.0,59,63,53,64,62,51,61,64,73
40300,0.9149243333333333,-145750,-42322.5,25714.86744140625,100000,0.1,43,21770.0,56,72,65,43,52,61,43,61,52
40400,0.9147132222222223,-160000,-37280.0,25091.397890625,100000,0.22,40,23550.0,52,80,60,64,54,49,59,59,77
40500,0.9145021111111111,55750,-54167.5,25921.51501953125,100000,0.19,45,12720.0,63,56,61,44,69,49,56,68,55
40600,0.914291,-141000,-51745.0,25266.258955078127,100000,0.26,46,16320.0,52,53,61,58,61,57,49,60,55
40700,0.9140798888888889,47500,-42425.0,24932.4039453125,100000,0.21,42,21150.0,57,56,68,48,50,67,62,50,63
40800,0.9138687777777778,41000,-54297.5,25612.3786328125,100000,0.15,47,13960.0,44,72,48,51,51,62,43,61,69
40900,0.9136576666666667,-161000,-43115.0,25613.4564453125,100000,0.2,39,17700.0,62,65,50,68,56,53,67,66,64
41000,0.9134465555555555,35000,-34837.5,24955.495400390624,100000,0.1,40,25220.0,56,48,70,55,68,42,65,69,69
41100,0.9132354444444445,29250,-46297.5,25275.745810546876,100000,0.17,44,18950.0,57,57,60,71,47,52,45,70,61
41200,0.9130243333333333,-130000,-21200.0,25637.26859375,100000,0.27,30,29640.0,51,62,66,66,63,65,56,58,70
41300,0.9128132222222223,71000,-46827.5,25357.71041015625,100000,0.17,43,17770.0,52,51,55,54,57,45,46,81,72
41400,0.9126021111111111,-130000,-31715.0,25248.5405078125,100000,0.07,37,24750.0,47,56,68,59,73,47,63,63,57
41500,0.912391,-133250,-29720.0,24047.95033203125,100000,0.15,35,25780.0,69,58,70,60,65,61,65,50,75
41600,0.9121798888888889,-170250,-55915.0,24850.323203125,100000,0.3,49,15490.0,46,62,61,52,58,51,55,52,70
41700,0.9119687777777777,-157250,-39900.0,25600.1593359375,100000,0.24,41,22640.0,46,53,59,67,59,60,50,62,64
41800,0.9117576666666667,-175000,-43607.5,26022.852138671875,100000,0.11,43,20540.0,54,60,53,57,44,53,57,42,76
41900,0.9115465555555555,39000,-20512.5,24876.695703125,100000,0.23,30,30690.0,68,51,72,70,57,57,66,61,66
42000,0.9113354444444445,-207500,-41435.0,25295.36763671875,100000,0.12,40,19020.0,55,67,61,63,65,50,48,57,78
42100,0.9111243333333333,45750,-62275.0,25629.815693359375,100000,0.1,51,9720.0,46,56,54,56,63,48,39,47,71
42200,0.9109132222222223,19500,-43755.0,25346.97154296875,100000,0.26,42,20280.0,54,63,63,48,61,50,60,58,70
42300,0.9107021111111111,14000,-41237.5,25444.163994140625,100000,0.19,41,21360.0,50,73,63,57,58,46,47,63,64
42400,0.910491,-153000,-45400.0,25201.2428125,100000,0.15,43,18290.0,40,54,56,48,58,55,63,61,61
42500,0.9102798888888889,-146250,-50055.0,25717.24609375,100000,0.23,45,16020.0,46,66,55,63,48,66,58,54,57
42600,0.9100687777777778,-137000,-38865.0,24790.7638671875,100000,0.09,41,22690.0,58,55,65,53,56,67,60,71,49
42700,0.9098576666666667,-121000,-27265.0,25506.547138671875,100000,0.13,35,28190.0,55,71,63,56,46,62,58,74,64
42800,0.9096465555555555,-162000,-26380.0,24763.051689453125,100000,0.19,32,26710.0,56,57,62,65,67,65,51,61,73
42900,0.9094354444444445,43500,-35355.0,25241.684443359376,100000,0.21,40,26460.0,64,51,64,59,52,56,60,68,71
43000,0.9092243333333333,-750,-41902.5,25144.26419921875,100000,0.29,38,18130.0,53,61,53,59,74,53,65,54,66
43100,0.9090132222222223,-8500,-50677.5,24892.756162109374,100000,0.13,47,17610.0,57,48,61,53,58,48,48,68,70
43200,0.9088021111111111,-162250,-50962.5,24103.566396484373,100000,0.09,45,14720.0,57,76,58,48,63,60,57,51,51
43300,0.908591,29750,-35052.5,25329.47783203125,100000,0.24,36,22470.0,70,61,77,45,65,51,68,65,73
43400,0.9083798888888889,-7250,-44560.0,24689.164658203124,100000,0.19,43,19860.0,49,61,52,51,55,63,48,65,68
43500,0.9081687777777778,51000,-50067.5,24960.71470703125,100000,0.18,46,17210.0,46,46,61,70,60,52,46,62,64
43600,0.9079576666666667,-152000,-42992.5,25477.545185546875,100000,0.16,43,21250.0,51,49,54,60,52,48,47,59,78
43700,0.9077465555555556,57000,-43230.0,25918.913076171873,100000,0.16,41,18740.0,55,74,63,58,54,51,48,58,64
43800,0.9075354444444445,26500,-37040.0,25157.263994140623,100000,0.14,39,22240.0,50,61,58,62,68,49,58,70,60
43900,0.9073243333333333,-160500,-53000.0,24969.14009765625,100000,0.12,47,14680.0,57,60,74,50,59,55,51,61,63
44000,0.9071132222222222,34750,-44705.0,25264.994951171873,100000,0.14,44,19490.0,42,63,47,39,63,54,67,71,59
44100,0.9069021111111111,91500,-40132.5,25750.345625,100000,0.19,40,20970.0,49,64,66,56,53,61,47,56,70
44200,0.906691,-140000,-37405.0,24845.20697265625,100000,0.29,37,21230.0,61,60,76,55,62,55,65,58,62
44300,0.9064798888888889,-142500,-35577.5,26027.91408203125,100000,0.18,39,24850.0,68,51,70,53,68,61,67,50,56
44400,0.9062687777777778,68500,-36930.0,25407.270078125,100000,0.13,40,23930.0,59,70,59,65,57,46,46,70,60
44500,0.9060576666666667,-129500,-52670.0,25209.08158203125,100000,0.22,50,19040.0,46,55,59,46,58,52,46,59,63
44600,0.9058465555555556,-125000,-37840.0,24286.577080078125,100000,0.1,41,23890.0,52,60,58,65,48,55,53,60,72
44700,0.9056354444444444,-135000,-44800.0,25615.462333984375,100000,0.16,41,16960.0,51,63,60,49,52,56,60,61,59
44800,0.9054243333333334,-133500,-57717.5,25776.158955078125,100000,0.16,49,12440.0,41,51,57,51,57,59,47,50,81
44900,0.9052132222222222,12500,-38092.5,25766.11859375,100000,0.12,37,19880.0,65,52,70,60,65,59,44,67,75
45000,0.9050021111111111,-126000,-49052.5,25269.53361328125,100000,0.26,46,19160.0,51,51,61,55,50,58,54,60,71
45100,0.904791,-145250,-30307.5,25981.98630859375,100000,0.1,38,27370.0,51,58,68,59,51,61,62,60,71
45200,0.9045798888888889,-128250,-37747.5,25025.8159375,100000,0.14,38,20240.0,51,72,60,58,55,57,61,70,76
45300,0.9043687777777778,15000,-26645.0,24954.087646484375,100000,0.09,33,25930.0,57,71,52,65,69,58,56,69,69
45400,0.9041576666666666,-169750,-30895.0,24885.9547265625,100000,0.14,35,25030.0,57,48,66,55,62,53,67,64,68
45500,0.9039465555555556,69250,-37415.0,25858.3752734375,100000,0.24,39,22830.0,55,61,49,58,77,52,65,67,59
45600,0.9037354444444444,-3750,-38937.5,25647.117177734373,100000,0.16,39,20500.0,46,57,44,55,55,63,65,70,66
45700,0.9035243333333334,41750,-42832.5,25032.532587890626,100000,0.19,43,21320.0,55,51,63,54,67,45,71,55,59
45800,0.9033132222222222,66000,-26642.5,24944.93876953125,100000,0.22,34,27960.0,52,64,55,62,62,51,49,73,89
45900,0.903102111111111,-164500,-46337.5,24946.807587890624,100000,0.16,45,19530.0,46,52,57,48,51,69,55,53,76
46000,0.902891,-150000,-37840.0,25296.99314453125,100000,0.24,40,23090.0,44,58,64,57,42,58,59,64,65
46100,0.902679888888889,10250,-37137.5,25202.6369140625,100000,0.12,39,22510.0,46,70,63,55,58,51,58,52,68
46200,0.9024687777777778,35250,-36495.0,25173.7432421875,100000,0.2,40,24520.0,52,69,44,56,56,63,54,57,65
46300,0.9022576666666666,79000,-25470.0,25395.6257421875,100000,0.11,34,28940.0,70,52,63,70,59,59,61,68,63
46400,0.9020465555555556,-165000,-47767.5,26083.38666015625,100000,0.1,45,18180.0,60,51,67,64,54,55,52,53,76
46500,0.9018354444444444,-201250,-38227.5,24344.870234375,100000,0.14,41,23000.0,45,74,59,50,62,55,50,51,71
46600,0.9016243333333334,-150000,-35990.0,25711.539541015623,100000,0.16,40,24370.0,52,66,58,55,58,56,57,69,64
46700,0.9014132222222222,-180000,-43150.0,25036.4398828125,100000,0.31,40,19030.0,59,67,57,54,66,58,47,63,64
46800,0.9012021111111111,52000,-27977.5,25970.564892578124,100000,0.15,34,26790.0,51,55,56,51,56,66,62,62,63
46900,0.900991,40000,-51282.5,24631.74224609375,100000,0.23,46,16440.0,55,59,75,56,55,51,44,56,60
47000,0.9007798888888889,50000,-30250.0,25508.43841796875,100000,0.11,34,23870.0,48,64,52,57,66,57,52,75,66
47100,0.9005687777777778,54500,-42990.0,24932.646689453126,100000,0.24,40,19090.0,65,74,49,62,60,65,56,53,60
47200,0.9003576666666666,40000,-47145.0,24854.185712890627,100000,0.26,44,18590.0,48,60,69,51,62,50,60,56,63
47300,0.9001465555555556,54250,-41645.0,25755.6304296875,100000,0.13,41,19690.0,49,54,48,52,62,58,76,58,64
47400,0.8999354444444445,30250,-39082.5,24708.439150390626,100000,0.23,41,24160.0,62,61,54,53,62,58,51,70,64
47500,0.8997243333333333,-154750,-35502.5,25627.776787109375,100000,0.19,39,24270.0,51,53,70,54,54,69,49,69,55
47600,0.8995132222222222,-149750,-39812.5,24904.431708984375,100000,0.12,41,21550.0,53,60,60,76,64,51,47,57,58
47700,0.8993021111111111,71250,-40332.5,25860.495029296875,100000,0.16,40,21180.0,55,69,55,58,61,52,52,63,62
47800,0.899091,-155750,-51015.0,25147.253828125,100000,0.14,47,16740.0,46,48,59,54,57,48,59,59,61
47900,0.8988798888888889,-9500,-42287.5,24612.040205078127,100000,0.16,46,24640.0,50,56,56,61,50,55,49,55,66
48000,0.8986687777777778,73000,-33167.5,25826.5394140625,100000,0.24,37,24910.0,48,63,63,64,62,53,56,59,62
48100,0.8984576666666667,39000,-28562.5,25606.595302734375,100000,0.16,36,28300.0,52,59,57,60,53,70,55,59,77
48200,0.8982465555555555,-140000,-32885.0,25023.548154296874,100000,0.21,37,24560.0,53,60,69,60,57,64,54,65,77
48300,0.8980354444444445,-145000,-57025.0,24771.304482421874,100000,0.23,48,12780.0,47,48,47,52,60,54,66,53,77
48400,0.8978243333333333,-135000,-56157.5,25237.354111328124,100000,0.07,48,12720.0,56,52,60,51,58,57,54,55,63
48500,0.8976132222222222,-133500,-44232.5,25310.74373046875,100000,0.34,43,22170.0,69,63,62,72,51,55,57,62,52
48600,0.8974021111111111,76000,-28725.0,25035.904248046874,100000,0.08,36,27300.0,68,77,72,59,54,49,57,60,70
48700,0.897191,36500,-23190.0,25580.025693359374,100000,0.14,34,31280.0,63,61,76,57,52,61,40,66,70
48800,0.8969798888888889,-134000,-43945.0,25028.945869140625,100000,0.13,43,19960.0,48,68,52,51,54,49,52,68,62
48900,0.8967687777777777,19250,-44485.0,25746.64205078125,100000,0.24,45,22400.0,48,70,53,56,55,60,53,70,60
49000,0.8965576666666667,-169000,-44932.5,25126.753427734377,100000,0.14,43,18630.0,42,61,57,46,62,54,55,64,60
49100,0.8963465555555555,-130000,-46742.5,25126.11001953125,100000,0.11,43,16800.0,48,64,52,44,62,64,58,61,63
49200,0.8961354444444445,3500,-57957.5,25682.50439453125,100000,0.18,50,13430.0,48,56,48,52,69,61,42,64,54
49300,0.8959243333333333,81000,-43855.0,24744.675712890625,100000,0.12,41,17610.0,54,54,53,65,62,56,60,61,77
49400,0.8957132222222223,75000,-56945.0,25593.047646484374,100000,0.06,48,11820.0,54,57,54,50,58,46,44,62,68
49500,0.8955021111111111,48250,-34092.5,25713.455732421877,100000,0.07,38,23880.0,61,55,73,54,57,56,66,59,66
49600,0.8952910000000001,-152000,-47125.0,25119.2394140625,100000,0.19,44,18470.0,59,48,67,66,65,56,53,46,55
49700,0.8950798888888889,32000,-41505.0,24367.884345703125,100000,0.1,42,20620.0,61,60,75,65,60,42,59,49,73
49800,0.8948687777777777,-170500,-50450.0,25262.7896875,100000,0.18,47,17490.0,40,46,55,64,49,55,42,60,83
49900,0.8946576666666667,-131000,-50765.0,25905.75986328125,100000,0.07,47,16310.0,41,59,50,63,40,59,54,60,74
50000,0.8944465555555555,-152500,-49235.0,25216.65876953125,100000,0.21,44,16270.0,53,52,53,51,51,63,62,69,56
50100,0.8942354444444445,25000,-51957.5,25687.7812109375,100000,0.16,46,15690.0,55,55,54,48,54,58,56,61,64
50200,0.8940243333333333,-11000,-36705.0,24464.0811328125,100000,0.22,40,24580.0,54,60,56,48,53,54,64,66,70
50300,0.8938132222222223,-205000,-53735.0,26306.890927734374,100000,0.12,48,15520.0,52,47,60,49,62,47,64,60,61
50400,0.8936021111111111,60500,-58615.0,25363.923798828124,100000,0.05,51,12300.0,40,62,38,66,60,51,45,63,63
50500,0.893391,46000,-42752.5,25393.538759765626,100000,0.06,43,20000.0,38,68,41,55,55,54,52,57,75
50600,0.8931798888888889,12000,-41427.5,25438.4080078125,100000,0.12,43,22750.0,64,66,61,64,56,57,53,59,60
50700,0.8929687777777778,53500,-39832.5,25065.098544921875,100000,0.26,39,21280.0,52,67,58,57,50,54,55,57,73
50800,0.8927576666666667,74500,-51797.5,26294.812109375,100000,0.13,47,15940.0,43,59,60,59,62,49,60,51,57
50900,0.8925465555555556,-21750,-31695.0,25646.91505859375,100000,0.18,37,25410.0,44,64,77,53,69,36,60,63,68
51000,0.8923354444444445,-160000,-25515.0,24868.46205078125,100000,0.12,34,28560.0,51,61,63,64,61,55,77,57,61
51100,0.8921243333333333,1750,-28790.0,25410.661025390626,100000,0.22,35,27560.0,59,53,59,55,57,67,58,72,64
51200,0.8919132222222222,-124000,-30662.5,25430.656474609375,100000,0.28,35,25880.0,45,62,55,64,57,56,59,75,63
51300,0.8917021111111111,-140250,-50707.5,24962.236650390623,100000,0.33,45,17620.0,64,52,61,63,50,59,56,47,66
51400,0.891491,52750,-32085.0,24981.045458984376,100000,0.0,37,24090.0,62,48,54,55,68,58,72,70,68
51500,0.8912798888888889,26000,-30780.0,25092.23640625,100000,0.25,36,26550.0,56,63,68,64,57,60,70,47,58
51600,0.8910687777777778,23000,-30557.5,24316.969326171875,100000,0.37,37,28980.0,58,46,62,57,72,66,59,61,69
51700,0.8908576666666667,44500,-24030.0,24777.040380859376,100000,0.2,32,28670.0,61,65,69,48,74,55,72,72,60
51800,0.8906465555555556,-124000,-35107.5,25552.33857421875,100000,0.25,37,23640.0,58,61,67,54,76,68,50,64,77
51900,0.8904354444444444,39750,-40315.0,25163.585029296875,100000,0.1,40,19700.0,60,59,65,63,62,59,54,82,52
52000,0.8902243333333333,-147000,-35515.0,25337.484345703124,100000,0.2,40,25190.0,41,58,70,49,54,50,54,51,71
52100,0.8900132222222222,-162250,-39930.0,24287.068486328124,100000,0.25,39,20680.0,48,66,60,53,60,61,47,66,65
52200,0.8898021111111111,69500,-21172.5,24678.397109375,100000,0.12,30,28260.0,49,57,64,54,68,74,59,56,72
52300,0.889591,77500,-40555.0,26007.272353515626,100000,0.2,38,19300.0,69,66,62,70,56,50,58,59,55
52400,0.8893798888888889,-1250,-20122.5,24685.69458984375,100000,0.09,30,29420.0,53,68,70,65,73,53,56,68,64
52500,0.8891687777777778,-126250,-35025.0,24427.42224609375,100000,0.15,37,22490.0,48,58,67,54,76,61,49,63,55
52600,0.8889576666666666,-192000,-43035.0,25182.997724609377,100000,0.33,42,21360.0,62,58,68,54,55,60,50,58,72
52700,0.8887465555555556,-135000,-44552.5,25249.573388671874,100000,0.25,42,19040.0,57,64,67,48,69,48,56,62,65
52800,0.8885354444444444,-153500,-44232.5,25498.89689453125,100000,0.11,43,19260.0,52,59,60,66,47,66,52,59,67
52900,0.8883243333333334,-132000,-64275.0,24226.49642578125,100000,0.12,50,7080.0,51,56,67,49,60,63,45,40,46
53000,0.8881132222222222,21000,-41752.5,25587.1572265625,100000,0.15,41,19950.0,64,66,56,61,65,52,47,58,84
53100,0.8879021111111112,43000,-39987.5,25269.126162109376,100000,0.31,40,21390.0,51,66,58,64,59,64,58,62,77
53200,0.887691,3000,-26190.0,26215.227470703125,100000,0.24,33,28220.0,63,54,73,57,76,58,52,57,72
53300,0.8874798888888888,-130000,-48127.5,24703.346064453126,100000,0.14,46,19140.0,53,53,50,56,72,57,55,53,65
53400,0.8872687777777778,-136750,-38517.5,24967.15173828125,100000,0.18,41,23480.0,53,68,58,55,51,61,55,62,72
53500,0.8870576666666666,-129250,-35145.0,24962.228330078124,100000,0.13,39,24900.0,52,81,60,60,68,47,53,50,56
53600,0.8868465555555556,-131500,-49025.0,24142.638837890627,100000,0.25,45,17520.0,48,56,57,39,82,47,51,53,72
53700,0.8866354444444444,-152250,-35157.5,24782.870966796876,100000,0.09,39,23490.0,51,59,60,66,55,65,51,60,73
53800,0.8864243333333334,-121250,-44230.0,24654.5151953125,100000,0.17,45,22150.0,50,52,63,47,54,69,51,54,60
53900,0.8862132222222222,-179000,-54110.0,25204.25763671875,100000,0.17,48,15380.0,53,50,58,57,54,39,58,60,66
54000,0.8860021111111112,-9500,-23045.0,24676.26232421875,100000,0.22,32,29790.0,52,73,66,52,43,71,69,67,67
54100,0.885791,-128000,-22920.0,26105.47712890625,100000,0.05,32,28400.0,59,71,66,57,52,74,65,57,74
54200,0.8855798888888888,27500,-37615.0,24977.976884765623,100000,0.17,37,20080.0,59,57,65,61,66,65,46,52,80
54300,0.8853687777777778,-151250,-40390.0,24298.901484375,100000,0.02,43,22240.0,51,74,61,47,46,53,64,56,58
54400,0.8851576666666666,84000,-35165.0,25328.6361328125,100000,0.24,39,25400.0,42,56,62,52,61,67,56,48,82
54500,0.8849465555555556,78500,-38362.5,25134.3236328125,100000,0.22,40,22920.0,40,65,59,51,50,68,52,49,74
54600,0.8847354444444444,41250,-37420.0,24394.675556640625,100000,0.13,40,23130.0,56,62,54,61,50,73,56,50,76
54700,0.8845243333333334,43500,-31902.5,25146.490830078124,100000,0.21,35,24300.0,66,52,60,65,77,55,61,59,74
54800,0.8843132222222222,47250,-56257.5,24602.17951171875,100000,0.18,46,11730.0,50,46,45,67,75,35,56,58,59
54900,0.8841021111111111,40750,-35455.0,23676.092783203127,100000,0.28,36,22400.0,51,59,57,64,54,53,60,54,77
55000,0.883891,61750,-32002.5,23543.451044921876,100000,0.31,35,24980.0,54,64,72,52,54,58,46,73,68
55100,0.8836798888888889,76500,-47152.5,25329.25298828125,100000,0.04,44,17330.0,42,68,49,56,57,46,51,51,68
55200,0.8834687777777778,76000,-47137.5,25545.527060546876,100000,0.23,44,18350.0,44,46,53,70,55,68,52,57,54
55300,0.8832576666666667,-123000,-31587.5,24984.210341796876,100000,0.15,38,27290.0,61,65,61,63,47,63,54,65,70
55400,0.8830465555555556,31000,-16735.0,24749.328974609376,100000,0.24,30,33970.0,63,59,74,62,64,65,62,64,67
55500,0.8828354444444444,-129500,-41710.0,24411.18515625,100000,0.21,39,18800.0,61,73,62,60,47,62,53,58,66
55600,0.8826243333333333,-140250,-39527.5,25107.596259765625,100000,0.14,40,21410.0,53,67,51,46,56,63,50,64,61
55700,0.8824132222222222,-146500,-39635.0,24575.861650390623,100000,0.3,39,21940.0,53,70,58,47,62,58,52,62,63
55800,0.8822021111111111,57000,-39957.5,23791.7587109375,100000,0.14,42,22920.0,58,54,62,56,58,60,61,54,59
55900,0.881991,-190000,-41187.5,23168.720283203125,100000,0.33,41,22010.0,54,45,62,66,74,64,65,52,76
56000,0.8817798888888889,65250,-38722.5,25018.507392578125,100000,0.17,44,26000.0,46,59,66,47,62,58,50,49,66
56100,0.8815687777777778,-142250,-30787.5,24430.434912109376,100000,0.1,35,24400.0,52,67,70,56,54,58,58,54,69
56200,0.8813576666666667,35250,-40102.5,25137.056171875,100000,0.25,41,22800.0,53,52,45,64,70,58,64,63,55
56300,0.8811465555555555,56000,-26237.5,24508.284609375,100000,0.15,34,27910.0,54,60,65,63,54,67,51,59,80
56400,0.8809354444444445,-185000,-53630.0,25506.70146484375,100000,0.17,46,14190.0,51,57,55,51,52,52,57,69,52
56500,0.8807243333333333,-178500,-41232.5,25115.638720703126,100000,0.22,41,20510.0,48,57,62,66,55,51,57,58,69
56600,0.8805132222222223,-123250,-41362.5,24461.917138671874,100000,0.05,42,20210.0,49,65,63,53,57,63,58,57,65
56700,0.8803021111111111,31750,-33922.5,25055.27,100000,0.15,36,22900.0,61,63,74,65,44,69,45,70,66
56800,0.880091,70750,-35237.5,25250.14177734375,100000,0.19,36,21780.0,59,55,73,55,62,64,60,66,66
56900,0.8798798888888889,20500,-50315.0,24675.302353515624,100000,0.25,47,18370.0,49,54,74,47,52,63,52,45,67
57000,0.8796687777777777,34250,-46382.5,25339.278046875,100000,0.11,44,18430.0,59,58,58,51,58,63,53,57,69
57100,0.8794576666666667,-195500,-42662.5,26203.402373046876,100000,0.21,41,19970.0,47,73,60,64,53,59,63,58,49
57200,0.8792465555555555,-120250,-33322.5,25013.051533203125,100000,0.04,38,23690.0,51,56,50,66,72,77,61,63,65
57300,0.8790354444444445,30000,-36045.0,25060.00783203125,100000,0.23,37,22570.0,61,68,61,50,60,65,53,60,63
57400,0.8788243333333333,8500,-39502.5,24431.422880859376,100000,0.08,40,20560.0,55,75,61,57,70,61,49,53,59
57500,0.8786132222222223,-1500,-28645.0,25256.22953125,100000,0.18,36,28120.0,59,71,58,63,58,57,66,56,56
57600,0.8784021111111111,-124000,-48897.5,24394.60431640625,100000,0.22,46,18610.0,52,71,58,47,56,61,52,58,67
57700,0.8781909999999999,-11000,-26302.5,24984.670869140624,100000,0.23,34,28150.0,43,54,65,45,63,62,70,62,73
57800,0.8779798888888889,10500,-43767.5,24545.405166015626,100000,0.19,43,20340.0,46,60,62,55,52,58,70,53,48
57900,0.8777687777777778,75500,-43832.5,24663.328115234373,100000,0.08,41,17500.0,59,51,56,55,64,70,57,47,75
58000,0.8775576666666667,-130000,-29255.0,24672.841474609377,100000,0.39,35,28480.0,51,66,59,61,56,64,60,53,84
58100,0.8773465555555555,27750,-17305.0,24480.578779296877,100000,0.26,29,32820.0,66,69,54,51,63,80,71,68,75
58200,0.8771354444444445,-160000,-33262.5,24292.339990234374,100000,0.28,37,25650.0,54,62,56,64,65,56,51,54,74
58300,0.8769243333333333,27000,-35610.0,25212.220634765625,100000,0.18,39,24300.0,57,48,68,55,59,59,57,62,73
58400,0.8767132222222223,46500,-50082.5,24521.001533203125,100000,0.13,48,19400.0,57,60,53,59,59,47,42,42,81
58500,0.8765021111111111,27000,-33005.0,24425.243935546874,100000,0.27,36,24340.0,54,66,60,63,67,54,57,57,68
58600,0.876291,27750,-26297.5,24968.266650390626,100000,0.11,34,27880.0,52,69,55,53,64,54,55,52,83
58700,0.8760798888888889,-14500,-52665.0,24824.977001953124,100000,0.05,47,14660.0,48,46,55,64,55,59,54,51,65
58800,0.8758687777777778,50500,-32850.0,23867.662626953126,100000,0.19,39,26810.0,54,72,58,57,54,54,52,59,85
58900,0.8756576666666667,-7000,-40507.5,24604.33451171875,100000,0.3,41,21970.0,42,49,61,52,55,64,56,74,60
59000,0.8754465555555555,98500,-38317.5,24431.33541015625,100000,0.19,40,22940.0,64,58,59,47,60,66,64,59,61
59100,0.8752354444444445,33000,-31267.5,23723.422509765624,100000,0.02,38,25450.0,40,70,70,55,52,61,57,61,73
59200,0.8750243333333334,78250,-49785.0,25053.476025390624,100000,0.11,44,15290.0,56,62,64,65,53,50,38,71,64
59300,0.8748132222222222,23750,-37190.0,25506.571796875,100000,0.11,39,22090.0,50,67,48,50,59,59,52,65,71
59400,0.8746021111111111,-192000,-52055.0,24344.804638671874,100000,0.19,45,15210.0,56,54,50,67,59,44,52,58,62
59500,0.874391,1000,-37230.0,24084.1291796875,100000,0.29,39,23540.0,57,44,62,53,54,62,58,62,73
59600,0.8741798888888889,11750,-36430.0,24752.264091796875,100000,0.14,38,21780.0,46,61,55,68,60,68,60,54,67
59700,0.8739687777777778,-209250,-40630.0,25190.93640625,100000,0.24,39,20560.0,64,56,56,55,61,60,64,49,69
59800,0.8737576666666667,40500,-33780.0,24914.9145703125,100000,0.13,40,26350.0,41,56,65,55,54,74,45,60,68
59900,0.8735465555555556,-176000,-52377.5,24748.839384765626,100000,0.2,48,17110.0,37,63,49,44,51,77,44,57,61
60000,0.8733354444444444,71000,-34832.5,25308.979951171874,100000,0.03,39,23870.0,55,57,65,57,53,71,60,49,62
60100,0.8731243333333334,-146000,-35832.5,25090.927060546874,100000,0.12,39,23800.0,55,73,58,71,57,54,45,58,61
60200,0.8729132222222222,-145000,-35842.5,24316.69337890625,100000,0.25,38,23600.0,45,51,68,63,44,51,66,62,65
60300,0.8727021111111111,-165000,-45975.0,24364.1460546875,100000,0.22,44,19890.0,52,57,58,55,59,51,47,62,65
60400,0.872491,-8250,-46097.5,24560.0676953125,100000,0.05,44,17990.0,50,70,64,56,67,62,48,47,51
60500,0.872279888888889,-145000,-52915.0,24296.051259765623,100000,0.14,48,16330.0,48,59,55,51,55,55,46,55,76
60600,0.8720687777777778,33500,-32937.5,25644.794150390626,100000,0.09,39,26560.0,56,45,72,48,63,65,47,70,58
60700,0.8718576666666666,81000,-64230.0,25273.5547265625,100000,0.18,51,8200.0,37,49,49,46,57,52,46,63,65
60800,0.8716465555555556,-7500,-45727.5,24937.164892578126,100000,0.15,44,19710.0,48,76,48,48,49,64,55,53,46
60900,0.8714354444444444,12000,-43640.0,24710.237099609374,100000,0.25,41,18970.0,60,53,70,60,57,62,46,60,72
61000,0.8712243333333334,-2000,-31962.5,24894.12630859375,100000,0.34,37,27160.0,48,56,65,48,57,64,63,57,69
61100,0.8710132222222222,-145250,-44347.5,24063.9856640625,100000,0.1,43,19140.0,52,64,58,57,52,56,51,45,85
61200,0.870802111111111,-132000,-43710.0,24805.397998046876,100000,0.1,44,20560.0,51,60,57,50,62,55,62,56,64
61300,0.870591,-138000,-38677.5,24070.112275390624,100000,0.1,43,24670.0,60,65,71,71,51,55,43,52,74
61400,0.870379888888889,61000,-46402.5,24851.18115234375,100000,0.13,43,17640.0,50,59,58,48,60,51,55,52,78
61500,0.8701687777777778,-142500,-39680.0,24779.96572265625,100000,0.32,42,24400.0,43,72,57,49,53,66,51,57,73
61600,0.8699576666666666,61500,-51062.5,24443.70783203125,100000,0.21,46,16770.0,50,48,60,43,50,65,59,57,62
61700,0.8697465555555556,-10000,-44692.5,23723.147958984377,100000,0.22,42,18270.0,43,55,48,71,54,59,57,57,82
61800,0.8695354444444445,-219000,-42390.0,24958.177763671876,100000,0.21,41,20120.0,50,69,61,42,75,59,54,54,58
61900,0.8693243333333334,-145000,-39590.0,24177.8898828125,100000,0.11,38,19110.0,54,44,61,62,78,72,54,45,68
62000,0.8691132222222222,-150000,-57692.5,24685.370029296875,100000,0.12,49,12820.0,51,57,54,52,56,65,40,56,69
62100,0.8689021111111112,10250,-51505.0,24726.262353515624,100000,0.28,46,16340.0,38,55,47,52,68,48,59,64,51
62200,0.868691,-149500,-34135.0,25191.9221875,100000,0.1,36,22080.0,61,56,55,60,65,61,56,67,65
62300,0.8684798888888889,43500,-31027.5,24325.01671875,100000,0.22,35,25370.0,58,54,66,67,63,53,55,64,74
62400,0.8682687777777778,20000,-55355.0,25208.16353515625,100000,0.14,47,12910.0,51,59,58,59,55,64,47,46,72
62500,0.8680576666666666,35500,-32562.5,24546.463173828124,100000,0.17,39,27790.0,57,68,65,62,62,55,59,51,58
62600,0.8678465555555556,65500,-37942.5,25177.671455078125,100000,0.1,38,20580.0,62,51,67,56,58,66,54,64,65
62700,0.8676354444444445,66750,-24520.0,24957.03021484375,100000,0.11,37,32580.0,41,53,67,47,58,58,60,59,75
62800,0.8674243333333334,-175000,-33337.5,25057.5776171875,100000,0.11,37,24050.0,49,63,55,56,51,63,46,59,77
62900,0.8672132222222222,60000,-52865.0,25578.333701171876,100000,0.29,46,15380.0,49,64,58,50,59,56,55,51,79
63000,0.8670021111111111,-4750,-43840.0,24603.195703125,100000,0.11,44,21240.0,58,65,56,47,53,55,39,69,78
63100,0.866791,-140000,-32040.0,25000.569384765626,100000,0.09,40,27210.0,37,55,59,59,44,78,59,50,82
63200,0.8665798888888889,-135500,-28250.0,24544.038232421874,100000,0.07,38,29750.0,51,62,58,55,51,48,55,62,68
63300,0.8663687777777778,-144000,-46617.5,24602.741630859375,100000,0.13,44,18200.0,56,61,65,54,52,67,50,61,64
63400,0.8661576666666667,31750,-50042.5,25583.887646484374,100000,0.18,48,18860.0,42,58,50,52,51,56,56,60,75
63500,0.8659465555555556,-195000,-68625.0,25034.656083984373,100000,0.05,55,6290.0,41,57,42,55,54,58,49,67,70
63600,0.8657354444444445,-170250,-24122.5,24507.788076171873,100000,0.07,31,26590.0,51,70,65,63,53,52,51,61,78
63700,0.8655243333333333,44500,-31072.5,25726.824951171875,100000,0.25,37,27310.0,63,73,63,58,55,58,48,66,83
63800,0.8653132222222222,26250,-36242.5,24955.594248046877,100000,0.17,39,23910.0,65,48,70,53,53,61,50,72,84
63900,0.8651021111111111,-173750,-47905.0,25469.37994140625,100000,0.12,44,16680.0,50,59,59,47,62,65,56,53,67
64000,0.864891,-232250,-40765.0,25468.13013671875,100000,0.15,44,23590.0,41,54,65,41,59,59,52,55,68
64100,0.8646798888888889,16000,-33727.5,25175.58375,100000,0.26,37,24810.0,48,81,63,46,60,57,55,67,64
64200,0.8644687777777778,-132250,-42540.0,25070.00345703125,100000,0.1,41,18530.0,45,54,56,45,57,59,58,67,69
64300,0.8642576666666667,87250,-40067.5,24399.54083984375,100000,0.2,42,23090.0,52,58,59,55,68,57,47,65,64
64400,0.8640465555555555,-185000,-42697.5,24518.4239453125,100000,0.09,43,21190.0,52,55,61,59,59,52,50,58,65
64500,0.8638354444444445,55000,-48247.5,25163.93138671875,100000,0.18,46,18920.0,50,55,58,60,44,55,53,53,84
64600,0.8636243333333333,37500,-44235.0,24769.9846484375,100000,0.27,44,21820.0,47,61,50,47,59,74,50,59,67
64700,0.8634132222222223,-129250,-48147.5,24513.14849609375,100000,0.08,45,17250.0,52,63,59,59,59,55,40,68,61
64800,0.8632021111111111,-133000,-41177.5,24526.968720703124,100000,0.08,42,20790.0,38,55,59,55,61,59,47,53,70
64900,0.8629910000000001,-124000,-33907.5,24374.20662109375,100000,0.18,38,24680.0,43,59,52,51,63,59,57,59,77
65000,0.8627798888888889,10750,-38000.0,24932.997431640626,100000,0.24,40,23930.0,60,56,53,58,60,57,47,73,78
65100,0.8625687777777777,35000,-46707.5,24934.89818359375,100000,0.21,47,22670.0,54,52,57,58,52,67,44,42,77
65200,0.8623576666666667,3750,-30345.0,24967.07884765625,100000,0.12,36,26010.0,56,45,65,48,62,67,51,61,85
65300,0.8621465555555555,-140000,-49335.0,24812.116806640624,100000,0.22,47,19600.0,52,51,52,49,58,52,44,62,70
65400,0.8619354444444445,-147250,-35257.5,24335.52404296875,100000,0.15,38,23210.0,48,56,60,57,51,69,50,69,76
65500,0.8617243333333333,76250,-50192.5,25132.65580078125,100000,0.27,46,18230.0,52,45,54,56,47,64,44,54,84
65600,0.8615132222222223,99000,-44610.0,24452.086865234374,100000,0.25,42,19560.0,55,47,67,58,49,66,56,60,65
65700,0.8613021111111111,-131750,-33055.0,25047.348505859376,100000,0.17,38,25820.0,50,77,61,48,49,57,63,65,62
65800,0.861091,10000,-51745.0,24647.89296875,100000,0.1,46,14490.0,44,55,59,52,56,57,53,56,72
65900,0.8608798888888889,47250,-45222.5,25320.559501953125,100000,0.13,43,18400.0,45,65,54,67,52,59,50,61,72
66000,0.8606687777777778,66250,-46980.0,24505.764599609374,100000,0.13,43,16930.0,45,50,58,43,59,54,62,55,75
66100,0.8604576666666667,-123000,-52670.0,25616.98216796875,100000,0.28,46,16040.0,55,51,53,57,46,62,42,65,74
66200,0.8602465555555555,-157500,-41090.0,25348.42349609375,100000,0.13,41,20690.0,59,63,52,57,61,68,55,53,77
66300,0.8600354444444445,-9250,-32762.5,23897.123232421876,100000,0.18,37,25310.0,49,49,56,53,67,57,43,62,92
66400,0.8598243333333333,70000,-34367.5,24893.5424609375,100000,0.17,39,25780.0,50,60,67,45,50,60,56,54,57
66500,0.8596132222222223,101750,-28670.0,25002.871357421875,100000,0.15,37,28930.0,51,55,59,76,58,48,61,53,73
66600,0.8594021111111111,56000,-40820.0,24760.2153125,100000,0.17,43,22730.0,40,55,60,45,67,59,50,60,62
66700,0.859191,-130000,-52292.5,24028.74109375,100000,0.17,47,16250.0,51,61,69,48,57,70,39,39,76
66800,0.8589798888888889,-159750,-37522.5,24900.460087890624,100000,0.15,40,23240.0,62,53,52,62,50,60,63,62,84
66900,0.8587687777777778,-209000,-34205.0,24805.1978125,100000,0.15,37,23320.0,57,69,62,50,66,67,58,50,72
67000,0.8585576666666667,66000,-29192.5,25360.42677734375,100000,0.17,33,24770.0,57,62,60,53,66,63,48,72,73
67100,0.8583465555555556,-140000,-48590.0,24841.848427734374,100000,0.06,46,17990.0,53,50,52,58,59,53,56,48,82
67200,0.8581354444444445,-150000,-29145.0,25037.541845703126,100000,0.3,36,28380.0,51,51,62,55,60,55,62,51,92
67300,0.8579243333333333,76000,-41327.5,24324.208310546874,100000,0.08,43,22180.0,49,56,63,59,51,68,39,59,66
67400,0.8577132222222222,30750,-51295.0,25277.63623046875,100000,0.17,44,14050.0,56,53,69,43,63,57,53,56,74
67500,0.8575021111111111,-169250,-53802.5,25514.40072265625,100000,0.29,46,14310.0,43,61,50,59,59,68,37,53,72
67600,0.857291,-138000,-36532.5,24880.9661328125,100000,0.24,38,22860.0,59,50,65,60,57,54,51,61,81
67700,0.8570798888888889,15500,-34980.0,24038.495419921874,100000,0.3,40,26070.0,38,64,67,59,63,57,50,56,86
67800,0.8568687777777778,13750,-41485.0,24145.1441015625,100000,0.19,41,20860.0,55,54,67,56,55,46,60,61,77
67900,0.8566576666666667,50750,-40212.5,25186.600859375,100000,0.25,40,21080.0,48,64,56,60,60,59,57,42,67
68000,0.8564465555555556,-158250,-45975.0,24729.556533203126,100000,0.19,44,19260.0,43,40,59,45,55,49,61,62,83
68100,0.8562354444444444,62750,-50467.5,24283.944755859375,100000,0.16,45,16030.0,63,51,59,61,63,68,44,49,66
68200,0.8560243333333333,26000,-30657.5,24512.733828125,100000,0.18,34,25100.0,65,58,74,48,59,62,54,50,83
68300,0.8558132222222222,31750,-47345.0,25251.641787109376,100000,0.47,43,19310.0,51,54,64,48,53,68,53,53,66
